S.No.,BookName,AuthorName,BookCode
1,Java Basics,John Jacob,123
2,Agile Methodology,Matt Hayden,124
3,Software Testing with Agile Methodology and Jira,Ricky Pointing,125
4,Selenium WebDriver with Java,Steven Smith,126
5,API Testing with Postman,Rohit Sharma,127
6,Performance Testing using Jmeter,Virat Kohli,128
7,SQL Bootcamp,Lara Dutt,129
8,How to Live a better life,KL Rahul,130
9,How to enhance Testing Knowledge,Neelam Dubey,131
10,"Ek Samandar, Mere Andar",Rana Dugga,132
11,An Uncommon Love: The Early Life of Sudha and Narayana Murthy,Nitin Mehra,133
12,Four Stars of Destiny,Raj Hirani,134
13,Maha Kavithai,Manoj Sharma,135
14,Ram Mandir Rashtra Mandir Ek Sajhi Virast,Leela Devi,136
15,Modi: Energising A Green Future,Martin Huges,137
16,Sanskriti ke Ayaam,Gaurav Verma,138
